INSERT INTO cargo VALUES (1,'Gerente'),(2,'Dentista'),(3,'Faxineiro'),(4,'Recepcionista');
INSERT INTO especialidade VALUES (1,'Ortodontia'),(2,'Endodontia'),(3,'Implantodontia');
INSERT INTO doenca VALUES (1,'Diabetes','Tipo 2'),(2,'Hipertensão','Crônica'),(3,'Alergia','Penicilina');
INSERT INTO procedimento VALUES (1,'Limpeza','Profilaxia'),(2,'Canal','Tratamento'),(3,'Extração','Exodontia');
INSERT INTO convenio VALUES (1,'Unimed','12345678000101','ANS01'),(2,'Amil','87654321000102','ANS02'),(3,'Bradesco','55566677000103','ANS03');
INSERT INTO forma_pagamento VALUES (1,'Dinheiro'),(2,'Cartão'),(3,'Pix');
INSERT INTO sala VALUES (1,101,'Geral'),(2,102,'Cirurgia'),(3,103,'Exame');
INSERT INTO fornecedor VALUES (1,'Dental Speed','11122233000144','1140028922'),(2,'Surya Dental','44455566000177','1130304040'),(3,'3M Dental','88899900000111','1120201010');

INSERT INTO funcionario (id, id_cargo, nome, cpf, salario, login, senha) VALUES 
(1, 1, 'Carlos Gerente', '11111111101', 5500.00, 'admin', '123'),
(2, 2, 'Dr. Ricardo', '11111111102', 8000.00, 'dent01', '123'),
(3, 2, 'Dra. Ana', '11111111103', 8000.00, 'dent02', '123'),
(4, 2, 'Dr. Marcos', '11111111104', 8000.00, 'dent03', '123'),
(5, 2, 'Dra. Julia', '11111111105', 8000.00, 'dent04', '123'),
(6, 2, 'Dr. Pedro', '11111111106', 8000.00, 'dent05', '123'),
(7, 2, 'Dra. Luana', '11111111107', 8000.00, 'dent06', '123'),
(8, 2, 'Dr. Fabio', '11111111108', 8000.00, 'dent07', '123'),
(9, 2, 'Dra. Beatriz', '11111111109', 8000.00, 'dent08', '123'),
(10, 2, 'Dra. Simone', '11111111110', 8000.00, 'dent09', '123'),
(11, 2, 'Dr. Andre', '11111111111', 8000.00, 'dent10', '123'),
(12, 2, 'Dra. Fernanda', '11111111112', 8000.00, 'dent11', '123'),
(13, 2, 'Dr. Thiago', '11111111113', 8000.00, 'dent12', '123'),
(14, 2, 'Dra. Monica', '11111111114', 8000.00, 'dent13', '123'),
(15, 2, 'Dr. Bruno', '11111111115', 8000.00, 'dent14', '123'),
(16, 2, 'Dra. Tatiane', '11111111116', 8000.00, 'dent15', '123'),
(17, 2, 'Dr. Renato', '11111111117', 8000.00, 'dent16', '123'),
(18, 2, 'Dra. Patricia', '11111111118', 8000.00, 'dent17', '123'),
(19, 2, 'Dr. Samuel', '11111111119', 8000.00, 'dent18', '123'),
(20, 2, 'Dr. Igor', '11111111120', 8000.00, 'dent19', '123'),
(21, 2, 'Dra. Aline', '11111111121', 8000.00, 'dent20', '123'),
(22, 2, 'Dr. Wilson', '11111111122', 8000.00, 'dent21', '123'),
(23, 3, 'Maria Faxina', '11111111123', 1600.00, 'fax01', '123'),
(24, 3, 'Rosa Faxina', '11111111124', 1600.00, 'fax02', '123'),
(25, 3, 'Jose Faxina', '11111111125', 1600.00, 'fax03', '123'),
(26, 3, 'Luiz Faxina', '11111111126', 1600.00, 'fax04', '123'),
(27, 4, 'Bia Recep', '11111111127', 2100.00, 'rec01', '123'),
(28, 4, 'Mel Recep', '11111111128', 2100.00, 'rec02', '123'),
(29, 4, 'Sol Recep', '11111111129', 2100.00, 'rec03', '123'),
(30, 4, 'Lia Recep', '11111111130', 2100.00, 'rec04', '123');

INSERT INTO dentista (id, id_funcionario, id_especialidade, cro) VALUES 
(1,2,1,'CRO01'),(2,3,2,'CRO02'),(3,4,3,'CRO03'),(4,5,1,'CRO04'),(5,6,2,'CRO05'),(6,7,3,'CRO06'),
(7,8,1,'CRO07'),(8,9,2,'CRO08'),(9,10,3,'CRO09'),(10,11,1,'CRO10'),(11,12,2,'CRO11'),(12,13,3,'CRO12'),
(13,14,1,'CRO13'),(14,15,2,'CRO14'),(15,16,3,'CRO15'),(16,17,1,'CRO16'),(17,18,2,'CRO17'),(18,19,3,'CRO18'),
(19,20,1,'CRO19'),(20,21,2,'CRO20'),(21,22,3,'CRO21'),(22,2,1,'CRO22'),(23,3,2,'CRO23'),(24,4,3,'CRO24'),
(25,5,1,'CRO25'),(26,6,2,'CRO26'),(27,7,3,'CRO27'),(28,8,1,'CRO28'),(29,9,2,'CRO29'),(30,10,3,'CRO30');

INSERT INTO paciente (id, id_convenio, nome, cpf, data_nasc, tel, email) VALUES 
(1,1,'Paciente 1','22211100001','1990-01-01','1191','p1@m.com'),(2,2,'Paciente 2','22211100002','1990-01-01','1192','p2@m.com'),
(3,3,'Paciente 3','22211100003','1990-01-01','1193','p3@m.com'),(4,1,'Paciente 4','22211100004','1990-01-01','1194','p4@m.com'),
(5,2,'Paciente 5','22211100005','1990-01-01','1195','p5@m.com'),(6,3,'Paciente 6','22211100006','1990-01-01','1196','p6@m.com'),
(7,1,'Paciente 7','22211100007','1990-01-01','1197','p7@m.com'),(8,2,'Paciente 8','22211100008','1990-01-01','1198','p8@m.com'),
(9,3,'Paciente 9','22211100009','1990-01-01','1199','p9@m.com'),(10,1,'Paciente 10','22211100010','1990-01-01','11910','p10@m.com'),
(11,2,'Paciente 11','22211100011','1990-01-01','11911','p11@m.com'),(12,3,'Paciente 12','22211100012','1990-01-01','11912','p12@m.com'),
(13,1,'Paciente 13','22211100013','1990-01-01','11913','p13@m.com'),(14,2,'Paciente 14','22211100014','1990-01-01','11914','p14@m.com'),
(15,3,'Paciente 15','22211100015','1990-01-01','11915','p15@m.com'),(16,1,'Paciente 16','22211100016','1990-01-01','11916','p16@m.com'),
(17,2,'Paciente 17','22211100017','1990-01-01','11917','p17@m.com'),(18,3,'Paciente 18','22211100018','1990-01-01','11918','p18@m.com'),
(19,1,'Paciente 19','22211100019','1990-01-01','11919','p19@m.com'),(20,2,'Paciente 20','22211100020','1990-01-01','11920','p20@m.com'),
(21,3,'Paciente 21','22211100021','1990-01-01','11921','p21@m.com'),(22,1,'Paciente 22','22211100022','1990-01-01','11922','p22@m.com'),
(23,2,'Paciente 23','22211100023','1990-01-01','11923','p23@m.com'),(24,3,'Paciente 24','22211100024','1990-01-01','11924','p24@m.com'),
(25,1,'Paciente 25','22211100025','1990-01-01','11925','p25@m.com'),(26,2,'Paciente 26','22211100026','1990-01-01','11926','p26@m.com'),
(27,3,'Paciente 27','22211100027','1990-01-01','11927','p27@m.com'),(28,1,'Paciente 28','22211100028','1990-01-01','11928','p28@m.com'),
(29,2,'Paciente 29','22211100029','1990-01-01','11929','p29@m.com'),(30,3,'Paciente 30','22211100030','1990-01-01','11930','p30@m.com');

INSERT INTO anamnese (id, id_paciente, id_doenca, data_registro, observacao) VALUES 
(1,1,1,'2024-01-01','-'),(2,2,2,'2024-01-01','-'),(3,3,3,'2024-01-01','-'),(4,4,1,'2024-01-01','-'),
(5,5,2,'2024-01-01','-'),(6,6,3,'2024-01-01','-'),(7,7,1,'2024-01-01','-'),(8,8,2,'2024-01-01','-'),
(9,9,3,'2024-01-01','-'),(10,10,1,'2024-01-01','-'),(11,11,2,'2024-01-01','-'),(12,12,3,'2024-01-01','-'),
(13,13,1,'2024-01-01','-'),(14,14,2,'2024-01-01','-'),(15,15,3,'2024-01-01','-'),(16,16,1,'2024-01-01','-'),
(17,17,2,'2024-01-01','-'),(18,18,3,'2024-01-01','-'),(19,19,1,'2024-01-01','-'),(20,20,2,'2024-01-01','-'),
(21,21,3,'2024-01-01','-'),(22,22,1,'2024-01-01','-'),(23,23,2,'2024-01-01','-'),(24,24,3,'2024-01-01','-'),
(25,25,1,'2024-01-01','-'),(26,26,2,'2024-01-01','-'),(27,27,3,'2024-01-01','-'),(28,28,1,'2024-01-01','-'),
(29,29,2,'2024-01-01','-'),(30,30,3,'2024-01-01','-');

INSERT INTO agendamento (id, id_paciente, id_dentista, data_hora, status) VALUES 
(1,1,1,'2024-04-01 08:00','OK'),(2,2,2,'2024-04-01 09:00','OK'),(3,3,3,'2024-04-01 10:00','OK'),
(4,4,4,'2024-04-01 11:00','OK'),(5,5,5,'2024-04-01 13:00','OK'),(6,6,6,'2024-04-01 14:00','OK'),
(7,7,7,'2024-04-02 08:00','OK'),(8,8,8,'2024-04-02 09:00','OK'),(9,9,9,'2024-04-02 10:00','OK'),
(10,10,10,'2024-04-02 11:00','OK'),(11,11,11,'2024-04-02 13:00','OK'),(12,12,12,'2024-04-02 14:00','OK'),
(13,13,13,'2024-04-03 08:00','OK'),(14,14,14,'2024-04-03 09:00','OK'),(15,15,15,'2024-04-03 10:00','OK'),
(16,16,16,'2024-04-03 11:00','OK'),(17,17,17,'2024-04-03 13:00','OK'),(18,18,18,'2024-04-03 14:00','OK'),
(19,19,19,'2024-04-04 08:00','OK'),(20,20,20,'2024-04-04 09:00','OK'),(21,21,21,'2024-04-04 10:00','OK'),
(22,22,22,'2024-04-04 11:00','OK'),(23,23,23,'2024-04-04 13:00','OK'),(24,24,24,'2024-04-04 14:00','OK'),
(25,25,25,'2024-04-05 08:00','OK'),(26,26,26,'2024-04-05 09:00','OK'),(27,27,27,'2024-04-05 10:00','OK'),
(28,28,28,'2024-04-05 11:00','OK'),(29,29,29,'2024-04-05 13:00','OK'),(30,30,30,'2024-04-05 14:00','OK');

INSERT INTO consulta (id, id_agendamento, id_anamnese, data_realizacao, resumo_clinico) VALUES 
(1,1,1,'2024-04-01','Limpeza'),(2,2,2,'2024-04-01','Canal'),(3,3,3,'2024-04-01','Extração'),
(4,4,4,'2024-04-01','Limpeza'),(5,5,5,'2024-04-01','Canal'),(6,6,6,'2024-04-01','Extração'),
(7,7,7,'2024-04-02','Limpeza'),(8,8,8,'2024-04-02','Canal'),(9,9,9,'2024-04-02','Extração'),
(10,10,10,'2024-04-02','Limpeza'),(11,11,11,'2024-04-02','Canal'),(12,12,12,'2024-04-02','Extração'),
(13,13,13,'2024-04-03','Limpeza'),(14,14,14,'2024-04-03','Canal'),(15,15,15,'2024-04-03','Extração'),
(16,16,16,'2024-04-03','Limpeza'),(17,17,17,'2024-04-03','Canal'),(18,18,18,'2024-04-03','Extração'),
(19,19,19,'2024-04-04','Limpeza'),(20,20,20,'2024-04-04','Canal'),(21,21,21,'2024-04-04','Extração'),
(22,22,22,'2024-04-04','Limpeza'),(23,23,23,'2024-04-04','Canal'),(24,24,24,'2024-04-04','Extração'),
(25,25,25,'2024-04-05','Limpeza'),(26,26,26,'2024-04-05','Canal'),(27,27,27,'2024-04-05','Extração'),
(28,28,28,'2024-04-05','Limpeza'),(29,29,29,'2024-04-05','Canal'),(30,30,30,'2024-04-05','Extração');

INSERT INTO pagamento (id, id_consulta, id_forma_pagamento, valor_pago) VALUES 
(1,1,1,150),(2,2,2,150),(3,3,3,150),(4,4,1,150),(5,5,2,150),(6,6,3,150),(7,7,1,150),(8,8,2,150),(9,9,3,150),(10,10,1,150),
(11,11,2,150),(12,12,3,150),(13,13,1,150),(14,14,2,150),(15,15,3,150),(16,16,1,150),(17,17,2,150),(18,18,3,150),(19,19,1,150),(20,20,2,150),
(21,21,3,150),(22,22,1,150),(23,23,2,150),(24,24,3,150),(25,25,1,150),(26,26,2,150),(27,27,3,150),(28,28,1,150),(29,29,2,150),(30,30,3,150);

INSERT INTO estoque (id, id_fornecedor, nome_material, qtd_atual, qtd_min) VALUES 
(1,1,'Luva P',50,10),(2,1,'Luva M',50,10),(3,1,'Luva G',50,10),(4,2,'Mascara',50,10),(5,2,'Sugador',50,10),(6,2,'Agulha',50,10),
(7,3,'Resina 1',50,10),(8,3,'Resina 2',50,10),(9,3,'Resina 3',50,10),(10,1,'Gaze',50,10),(11,1,'Touca',50,10),(12,1,'Alcool',50,10),
(13,2,'Cimento',50,10),(14,2,'Pasta',50,10),(15,2,'Broca 1',50,10),(16,3,'Broca 2',50,10),(17,3,'Matriz',50,10),(18,3,'Acido',50,10),
(19,1,'Selante',50,10),(20,1,'Cunha',50,10),(21,2,'Moldeira',50,10),(22,2,'Gesso',50,10),(23,2,'Alginato',50,10),(24,3,'Papel Art',50,10),
(25,3,'Fio Dent',50,10),(26,3,'Disco',50,10),(27,1,'Lixa',50,10),(28,1,'Espelho',50,10),(29,2,'Pinca',50,10),(30,3,'Sonda',50,10);

INSERT INTO equipamento VALUES (1,1,'Cadeira A','2023-10-01'),(2,2,'Autoclave','2023-11-01'),(3,3,'Raio X','2024-01-01');
INSERT INTO historico_preco VALUES (1,1,150.00,'2023-01-01',NULL),(2,2,400.00,'2023-01-01',NULL),(3,3,250.00,'2023-01-01',NULL);
INSERT INTO movimentacao_estoque VALUES (1,1,1,'ENTRADA',10),(2,2,23,'ENTRADA',10),(3,3,27,'SAIDA',1);
